<service name="e1500951_CustomerService" scope="application">

	<description>Customer POJO Service</description>

	<messageReceivers>
		<messageReceiver mep="http://www.w3.org/ns/wsdl/in-out"
			class="org.apache.axis2.rpc.receivers.RPCMessageReceiver" />
		<messageReceiver mep="http://www.w3.org/ns/wsdl/in-out"
			class="org.apache.axis2.rpc.receivers.RPCMessageReceiver" />
	</messageReceivers>

	<parameter name="ServiceClass">ws.customer.service.CustomerService</parameter>

</service>
