<?xml version="1.0" encoding="UTF-8"?>
<beans xmlns="http://www.springframework.org/schema/beans"
xmlns:util="http://www.springframework.org/schema/util" xmlns:xsi="http://www.w3.org/2001/XMLSchema-instance"
xmlns:aop="http://www.springframework.org/schema/aop"
xsi:schemaLocation="http://www.springframework.org/schema/beans http://www.springframework.org/schema/beans/spring-beans-3.0.xsd
http://www.springframework.org/schema/util http://www.springframework.org/schema/util/spring-util-3.0.xsd">


<!--Make sure to define class attribute for bean tag -->
<bean id="applicationContext"
class="org.apache.axis2.extensions.spring.receivers.ApplicationContextHolder" />


<!--Make sure to define class attribute for bean tag -->
<bean id="customerSpringService" class="ws.customer.service.CustomerSpringService">
<property name="customers">
<map>
<!--Here we use value-ref -->
<entry key="1000" value-ref="customerBean_1" />
<entry key="2000" value-ref="customerBean_2" />
<entry key="3000" value-ref="customerBean_3" />
</map>
</property>
</bean>

<bean id="customerBean_1" class="ws.customer.data.Customer">
<property name="customerID" value="1000" />
<property name="customerName" value="Name1" />
<property name="discountPercentage" value="15" />
<property name="privileged" value="false" />
<property name="shoppingAmount" value="1945.8" />
</bean>

<bean id="customerBean_2" class="ws.customer.data.Customer">
<property name="customerID" value="2000" />
<property name="customerName" value="Name2" />
<property name="discountPercentage" value="35" />
<property name="privileged" value="true" />
<property name="shoppingAmount" value="2549.5" />
</bean>

<bean id="customerBean_3" class="ws.customer.data.Customer">
<property name="customerID" value="3000" />
<property name="customerName" value="Name3" />
<property name="discountPercentage" value="25" />
<property name="privileged" value="false" />
<property name="shoppingAmount" value="4494.5" />
</bean>
</beans>